"DESCRIPTION","DURATION IN MS","NAME","PARENT SUITE","START TIME","STATUS","STOP TIME","SUB SUITE","SUITE","TEST CLASS","TEST METHOD"
"","366","Sort Price (high to low)","chromium","2026-10-08","passed","2026-10-08","","product.spec.ts","",""
"","477","authenticate","setup","2026-10-08","passed","2026-10-08","","auth.setup.ts","",""
"","1135","Remove item from cart","chromium","2026-10-08","passed","2026-10-08","","cart.spec.ts","",""
"","4183","Login row 4","chromium","2026-10-08","passed","2026-10-08","Login","Login.spec.ts","",""
"","1218","Login row 3","chromium","2026-10-08","passed","2026-10-08","Login","Login.spec.ts","",""
"","30064","Add more product to Cart","chromium","2026-10-08","broken","2026-10-08","","product.spec.ts","",""
"","30051","Click add to cart button at Sauce Labs Backpack","chromium","2026-10-08","broken","2026-10-08","","product.spec.ts","",""
"","1228","Login row 2","chromium","2026-10-08","passed","2026-10-08","Login","Login.spec.ts","",""
"","386","Sort Price (low to high)","chromium","2026-10-08","passed","2026-10-08","","product.spec.ts","",""
"","364","Sort Name A to Z","chromium","2026-10-08","passed","2026-10-08","","product.spec.ts","",""
"","1104","Continue shopping from cart","chromium","2026-10-08","passed","2026-10-08","","cart.spec.ts","",""
"","1223","Complete checkout process","chromium","2026-10-08","passed","2026-10-08","","cart.spec.ts","",""
"","1328","Login row 1","chromium","2026-10-08","passed","2026-10-08","Login","Login.spec.ts","",""
"","380","Sort Name Z to A","chromium","2026-10-08","passed","2026-10-08","","product.spec.ts","",""
